age,capital_assure,prime_annuelle,anciennete_contrat,historique_sinistres,canal,prediction_risque_elevé,proba_risque_elevé,distance_moyenne_voisins
52,75000,900,7,4,0,1,0.6024036969410826,4.970102879061479
41,300000,400,1,0,0,1,0.6008660943520374,5.946611850118678
91,500000,600,1,0,0,0,0.4124905550282766,0.6169055260414174
45,100000,1500,3,0,0,0,0.4015083249524496,5.48275782203575
24,30000,350,2,1,0,0,0.3992062973338673,9.10263778200429
28,20000,300,0,0,0,0,0.19887431840477077,8.429484569710795
63,180000,2100,12,1,0,0,0.0,6.733885300888787
