{
  "total": 7,
  "risque_elevé": 2,
  "risque_faible": 5,
  "taux_risque": 28.57142857142857,
  "score_moyen": 0.37362132671606924,
  "distance_moyenne": 5.897483675694457,
  "fichier_entree": "/opt/dataiaisystem/risques/data/tests_dataset_personas.csv",
  "date_execution": "2025-12-10 01:22:23.796838"
}